1c8115e815141cb4c4686025724cef847186c41f	Changed on disk dialog.vi
f1947387384f5c77458aaf16537f765d31cd30f1	Code Completion.vi
afbd38e6b514dce6454447b4f952399272979327	LVIntensityColorMap-reFresh-main/Colormap Example Dataset.vi
bf2e6109d430cef825c3d7ab51a6ca4cd6b022ec	LVIntensityColorMap-reFresh-main/Legend of All Colormaps.vi
f5b242318fefccfb99dc61c86d069f7df2c32e66	LVIntensityColorMap-reFresh-main/Mark of the Web Example.vi
c786acaf1a1a6e63bfdc90d147c1eb87a585988c	LVIntensityColorMap-reFresh-main/Scrape Matplotlib Color Map Hacking.vi
2ee3863837702f45c9eed81f3dc515d94b72396d	LVIntensityColorMap-reFresh-main/readmeBD.vi
1f6688a895e187b89cd3fe605c9af7a5f851bdca	Logging Project/Acquisition/Acquire.vi
a40f2d67a0dcdf947adf31fe18f375c3405494cc	Logging Project/Acquisition/Acquisition Message Loop.vi
c75223b1f38c46d832ecb75ed1aff31d49b062fc	Logging Project/Acquisition/Configure Hardware.vi
cf2b8cbaef4983ab6ad1673368b578cef8144184	Logging Project/Acquisition/Error Handler - Acquisition Message Loop.vi
e43ac732eea73dd20f6c7d237d13e5f3dd692de3	Logging Project/Acquisition/Generate Simulated Data.vi
303302400a3f84bc716a174206a538b0f3bacaca	Logging Project/Acquisition/Initialize Hardware References.vi
5874f97683129659df75f8e180a712a1c16277cc	Logging Project/Acquisition/Stop Acquisition.vi
6db409ef740bb94c4dd3fc09cb55ac7a34b485ae	Logging Project/Logging/Error Handler - Logging Message Loop.vi
f0a449d6a90f0dd81892644cc8f7443c7a674b7e	Logging Project/Logging/Flush Data to Log File.vi
f3c1e9dd8833a96e65a608786c4b0bc5be18696c	Logging Project/Logging/Log Data.vi
e5d4d24ffcf2798e2344ea97369ee7970cda2b6a	Logging Project/Logging/Logging Message Loop.vi
a528ef843b55bc95e80b1ac7cbe95ab053b4e0c2	Logging Project/Main.vi
3daa5762d0b0efed6fca59fff8fe7407b3dd04c8	Logging Project/Settings/Get Config File Path.vi
f3c8c462700042608d163196527867a23690ea80	Logging Project/Settings/Load Settings from XML.vi
0ec90c10bde9af5a3dfc9d083f83d4d419b165b9	Logging Project/Settings/Save Settings to XML.vi
132f0b423b5e93d4ce73890f01f460c4327eec57	Logging Project/Settings/Settings Dialog.vi
afdcff342b427806010681f11a2d744ba5cce81f	Logging Project/support/Check Loop Error.vi
5567dac02dab4b4a93d0ca2fa51c62aa8d85b93c	Logging Project/support/Error Handler - Event Handling Loop.vi
aa017abb6d171566a5f501726d8ed8471e540128	Logging Project/support/Error Handler - Message Handling Loop.vi
55b47bf89978bce85e5724a34db74c476f6137dc	Logging Project/support/Message Queue/Create All Message Queues.vi
7b877547213c7845ef8044479f56c9b2577f124c	Logging Project/support/Message Queue/Dequeue Message.vi
5c38ea7db8ef2d25a971a455b8de6f902432b52b	Logging Project/support/Message Queue/Enqueue Message (Array).vi
1735504cf5a3371d5c37d440bcdd81c78a856f7d	Logging Project/support/Message Queue/Enqueue Message (Single).vi
69d3352528706ed1ba2524975eb4f458d6fed69b	Logging Project/support/Message Queue/Enqueue Message.vi
5033b4b7f0e64f75ee05bea02370d3f6754b716a	Logging Project/support/Message Queue/Obtain Message Queue.vi
295c75426e3dc53082cdcb8fb2fbc059a35795a6	Logging Project/support/Set Enable State on Multiple Controls.vi
40d05184f4bf31ce5c7dc3a1328836ea443c867d	Logging Project/support/User Event - Stop/Create User Event - Stop.vi
0b0ca5cf33eb335e70f4a0f67e3594fa358a1906	Logging Project/support/User Event - Stop/Destroy User Event - Stop.vi
2cbc2dbeb6a1dd7a8875a7cb4636727436970ffb	Logging Project/support/User Event - Stop/Fire User Event - Stop.vi
9176ff6f7a033a6601a4bbe62fb10345e97e077f	Nigel Project Guidance.vi
1bff8eee2e79b11758d3ff9c74d9597bd8698f9c	Stereo Microphone Input/Cleanup Session.vi
1e0b0ead0e65d4a2296285dc0e0716a977a8398a	Stereo Microphone Input/Configure Session.vi
7c68167d226812d361eb6fec9f495479147b294a	Stereo Microphone Input/Finalize.vi
3002ef53b2c8ba046e3916301b9fe60eaba097e7	Stereo Microphone Input/Initialize.vi
9e4f55ac26c4dc1e8cd1b16a0f16d75685e1a156	Stereo Microphone Input/Process.vi
87ce0089b3b2ccaa780f26ae225a32d81c26a718	Video Playback Using Javascript.vi
5c4a218a8796b8908f249cc8c32919dcdace8e6f	Web Control Multi-Example.vi
c0daf578d5c93f483af4a078a535df7a3f673e76	controlstack-web-bridge/LabVIEW/Controlstack Web Bridge.vi
62126aad1b7e05cfbea2a459a3340afa6b690f84	dotNET callback.vi
2e2a61daa1dfb62dc396f4e396d0289b7e134485	dotNET improvments.vi
5005a18ddab85c2658a766aba76e95c39bfb7400	fpga-raycaster/src/Globals/FGV_TileVisible.vi
31f679fd03d1986830a84aedce7350aed65e7d04	fpga-raycaster/src/Globals/HEIGHT.vi
d63a1f2c3d840e3f47f737c5d0dc2b0ec9f970d7	fpga-raycaster/src/Globals/HEIGHT_DIV_2.vi
c24ca0d81821692075d228e8c6d6a90e617518a5	fpga-raycaster/src/Globals/MAP_AREA.vi
d5822e0f1f007cb3e43182b88ccd4f6771f7c05f	fpga-raycaster/src/Globals/MAP_DIM.vi
48703f9c01784ccf1ebc7cbf2c61d2878a9dccc9	fpga-raycaster/src/Globals/MAX_SPRITES.vi
2a1200ea445b9c5a512fca5106f9824d354970f8	fpga-raycaster/src/Globals/TEX_DIM.vi
e2612db1c1a1eb3826ce9c11bc33e4fe397d9f0d	fpga-raycaster/src/Globals/TEX_SIZE.vi
e1b51b4b929441677ab609c2a91aac8874c99e46	fpga-raycaster/src/Globals/Textures.vi
a27095fcff9468eb36696be621d3511887496e6e	fpga-raycaster/src/Globals/WIDTH.vi
24214628723e8c96302b2e9efab99e192058b166	fpga-raycaster/src/Globals/WIDTH_DIV_2.vi
ac3d8552493126ee933d57a9ef8ac0b4a0c276b1	fpga-raycaster/src/Globals/WIDTH_DIV_4.vi
b625475c42f9c6f61b0290799ce58b9b923ab7e5	fpga-raycaster/src/Main.vi
994f3db7af2d8edc08757dd6a8ffd4cc2465cea0	fpga-raycaster/src/SubVIs/FPGA/Control_DebounceDigital.vi
c342547c914189cf760a38dc38682a02aae2729a	fpga-raycaster/src/SubVIs/FPGA/VESASignal_CalcFramebufferAddress.vi
87b4d13432701e185439748d9c6643ec2dc82747	fpga-raycaster/src/SubVIs/FPGA/VESASignal_Run.vi
c84418c2614702795a66ccc851117bf7668591c1	fpga-raycaster/src/SubVIs/FPGA/VESASignal_ScanNextHPixel.vi
c0623a85deb5e90b75be13b72712e3b6e12d398d	fpga-raycaster/src/SubVIs/FPGA/VESASignal_ScanNextVPixel.vi
f003d57168d7aeb1d59947d805916ef2e584fbc4	fpga-raycaster/src/SubVIs/Map_GetMaps.vi
788adb415cf88bf2d835117743cfd05f261036a8	fpga-raycaster/src/SubVIs/Map_InitMap.vi
ae1c02903bc534a517bfe6e1895946924678be33	fpga-raycaster/src/SubVIs/Map_ReadValue.vi
2a3c73b8c48d29d7956e26170d9071a33ceabfbe	fpga-raycaster/src/SubVIs/Math_Add_FXP.vi
6d8e25ab0a4f5d43211045cabd227a4e381350f3	fpga-raycaster/src/SubVIs/Math_Divide_FXP.vi
c27d58ce830da7a92d9ed90211a66b440afbd0b5	fpga-raycaster/src/SubVIs/Math_FXPtoI16.vi
2e3ca0f4b2e03fd4c3b2d3df4b7d86bbcfe62f0d	fpga-raycaster/src/SubVIs/Math_Multiply_FXP.vi
da99f9ef7ff8368225e9780185b78c5d0aa156e7	fpga-raycaster/src/SubVIs/Math_Reciprocal.vi
0c6db63968462a8a2c8374b2ee51ffab6ec23335	fpga-raycaster/src/SubVIs/Math_Subtract_FXP.vi
35b73e0e598717bb1ffb4a4a619de442d57a2272	fpga-raycaster/src/SubVIs/Raycaster_CalcCameraX.vi
ca86f3693f6399d30a2696e3b3963c004d736bcb	fpga-raycaster/src/SubVIs/Raycaster_CalcInverseCameraMatrix.vi
e10c52dfae60498a89fba2bc815660b7fd0319ff	fpga-raycaster/src/SubVIs/Raycaster_CalcObjectDistance.vi
a47bf07cb5bc5d518d674df1785adbccd2f13528	fpga-raycaster/src/SubVIs/Raycaster_CalcSpriteHeight.vi
23d85b2422daf2ee383a2367bb55ae1a57982283	fpga-raycaster/src/SubVIs/Raycaster_CalcSpriteScreenX.vi
a3c65e9a3e629ef41bcb634bb78d4d12cd03d8b7	fpga-raycaster/src/SubVIs/Raycaster_CalcSpriteSize.vi
903d8166a9f3ac6ecd265fbcdff24ee2018d13d4	fpga-raycaster/src/SubVIs/Raycaster_CalcWallDistance.vi
5f1c15d83315fbbdc06da49963c756bf3a932f95	fpga-raycaster/src/SubVIs/Raycaster_CalcWallHeight.vi
1ead1b7d340367574304acb2fd7beaacc1a9eeef	fpga-raycaster/src/SubVIs/Raycaster_CollisionTest.vi
ab29bef56abe6e0d5017c77e08376aba1f8b582a	fpga-raycaster/src/SubVIs/Raycaster_DrawBackground.vi
443c2400d20f4add9162dd971fc74bec1786d6bc	fpga-raycaster/src/SubVIs/Raycaster_DrawColumnSimple.vi
860f9c4f35c448e1e34161056d5bc0f34e4c3cb7	fpga-raycaster/src/SubVIs/Raycaster_DrawColumnTextured.vi
2606c5cde48c61080a4f62c098b7ef6b4c92d6ca	fpga-raycaster/src/SubVIs/Raycaster_DrawSprites.vi
35c4e671b935a8efa8b861e19ce5dab245b2990e	fpga-raycaster/src/SubVIs/Raycaster_DrawSubBuffer.vi
ad09a738c2dd14a3955f0ce3fbc3558b45b4a87e	fpga-raycaster/src/SubVIs/Raycaster_FizzleFade.vi
9f4da44c5f811fd21efcbf60cf0ba159eb7b4add	fpga-raycaster/src/SubVIs/Raycaster_GetSubBufferAddress.vi
92a941d8c82f407fcd82709936c9dc2b431fcfdf	fpga-raycaster/src/SubVIs/Raycaster_ReadWallHeight.vi
9728189c47c9b0f321e0432baf28a978705db28a	fpga-raycaster/src/SubVIs/Raycaster_Run.vi
526e3c2f23b079aff99f63f8ca9b9d18db313f2b	fpga-raycaster/src/SubVIs/Raycaster_RunDDA.vi
f781952cebd9e2531866df655fbfc0b356bf2fa1	fpga-raycaster/src/SubVIs/Raycaster_SetupDDA.vi
7676c4df04c2ba3225e32735f606ab07dd77fd80	fpga-raycaster/src/SubVIs/Raycaster_SortObjects.vi
23effe7cf1cb84b6cef7479d73346586659f530f	fpga-raycaster/src/SubVIs/Raycaster_UpdatePosition.vi
3d2ef1815f02ccf8d9ed9fdbb7902ec96a74805c	fpga-raycaster/src/SubVIs/Raycaster_WriteFramebuffer.vi
23082e7e53bd2a04d0490b8981105787c3a127de	fpga-raycaster/src/SubVIs/Sprite_DecodeRLEToMemory.vi
98bd67c5f63eb0a34ee04041d9aec03b91bbffc8	fpga-raycaster/src/SubVIs/Sprite_GetSprites.vi
e092910638ecd0ae0bfeac8069fd08bb5cde9def	fpga-raycaster/src/SubVIs/Sprite_ReadValue.vi
3ae420145bae6c0422ff2795daf6692b77d1e4b1	fpga-raycaster/src/SubVIs/Texture_GetTextures.vi
94b45cbd4c334c22ee3236fbc730480b49781c37	fpga-raycaster/src/SubVIs/Texture_ReadValue.vi
b9b3ed8cc170630a87c8bc38ca2202ce81beef24	fpga-raycaster/src/SubVIs/Video_FlipFrameBuffer.vi
ab96eaf1e00205179b04431a36818b46ea7abd55	fpga-raycaster/src/SubVIs/Video_GetPalette.vi
fc3a6a1dfd12cb783aa010c9d13efb1756175b81	fpga-raycaster/src/SubVIs/Video_Output.vi
07743c8c849030e4f37535eb2adeca1b13f7b5b5	fpga-raycaster/src/SubVIs/Video_WriteFrameBuffer.vi
e6dfe6d8040ec93595b5685d427d79d911271a65	fpga-raycaster/src/SubVIs/keyboardAcquire_anyThread.vi
6910e23a6f577216af22346a03a4da806750b9c8	fpga-raycaster/src/Utilities/FPGAMemoryInit_MapsPlane0.vi
cd9054faecc5efc7dd6ca56dda44e64a052b8a06	fpga-raycaster/src/Utilities/FPGAMemoryInit_MapsPlane1.vi
6ec7b2b82ebc261657f5d746c57cad1a619ea903	fpga-raycaster/src/Utilities/FPGAMemoryInit_Palette_FXP.vi
802583f9a4ed87c238b5a1a317af6a019b9f0ccb	fpga-raycaster/src/Utilities/FPGAMemoryInit_SpriteIndexes_RLE_U32.vi
8055db34f105599e254f1b60e32a4c44ffbfdb95	fpga-raycaster/src/Utilities/FPGAMemoryInit_Sprites_RLE_FXP.vi
010f9ea4f91a166fbbf863d92b9012372cbdc9e9	fpga-raycaster/src/Utilities/FPGAMemoryInit_Textures0_FXP.vi
b93e2986bcac01bc7aba645b375c20d09703aba2	fpga-raycaster/src/Utilities/FPGAMemoryInit_Textures1_FXP.vi
88b886bbdf3a4612f34a6d62bba1cc09bbe2e52b	fpga-raycaster/src/Utilities/Sprite_RunLengthEncode.vi
a0466a0ff55a0bb143685f8dc2681fca224d16cb	headless.vi
